{"cameraMode":{"drawMode":0,"name":"Shaded","section":"Shading Mode"},"sceneLighting":true,"audioPlay":false,"sceneViewState":{"showFog":true,"showMaterialUpdate":false,"showSkybox":true,"showFlares":true,"showImageEffects":true,"showParticleSystems":true},"in2DMode":false,"pivot":{"x":-0.7731384038925171,"y":5.144453525543213,"z":-1.5006771087646485},"rotation":{"x":0.19299176335334779,"y":0.37585577368736269,"z":-0.08034764975309372,"w":0.9027954339981079},"size":8.624046325683594,"orthographic":false}