{"cameraMode":{"drawMode":0,"name":"Shaded","section":"Shading Mode"},"sceneLighting":true,"audioPlay":false,"sceneViewState":{"showFog":true,"showMaterialUpdate":false,"showSkybox":true,"showFlares":true,"showImageEffects":true,"showParticleSystems":true},"in2DMode":false,"pivot":{"x":0.5030841827392578,"y":1.8634037971496583,"z":12.850879669189454},"rotation":{"x":-0.1125604659318924,"y":0.18868102133274079,"z":-0.02176995575428009,"w":-0.9753274321556091},"size":23.83053970336914,"orthographic":false}