{"cameraMode":{"drawMode":0,"name":"Shaded","section":"Shading Mode"},"sceneLighting":true,"audioPlay":false,"sceneViewState":{"showFog":true,"showMaterialUpdate":false,"showSkybox":true,"showFlares":true,"showImageEffects":true,"showParticleSystems":true},"in2DMode":false,"pivot":{"x":-1.0784854888916016,"y":3.3493189811706545,"z":6.683053493499756},"rotation":{"x":0.10617364943027497,"y":-0.2922820448875427,"z":0.03266364336013794,"w":0.9498895406723023},"size":15.686339378356934,"orthographic":false}