{"cameraMode":{"drawMode":0,"name":"Shaded","section":"Shading Mode"},"sceneLighting":true,"audioPlay":false,"sceneViewState":{"showFog":true,"showMaterialUpdate":false,"showSkybox":true,"showFlares":true,"showImageEffects":true,"showParticleSystems":true},"in2DMode":false,"pivot":{"x":-7.487846851348877,"y":2.484246253967285,"z":2.5245800018310549},"rotation":{"x":0.0650561973452568,"y":-0.0014970921911299229,"z":0.00009802676504477859,"w":0.9978855848312378},"size":29.543704986572267,"orthographic":false}